Workbook

Sheet Sheet1
A1: Timestamp | B1: Please enter your Prolific ID: | C1: What is your age? (in years) | D1: What is your gender? | E1: What is your highest attained education level? | F1: What is/are your native language(s) | G1: What other languages do you speak? | H1: My fluency in English: | I1: You can comprehend and understand information you read in English? | J1: When I read, I often read in: | K1: What types of materials do you prefer to read in English: | L1: What is your level of comfort understanding complex texts in English? | M1: What is your reading speed when reading texts in English? | N1: When using the telephone, do you get the numbers mixed up when you dial? | O1: Is your spelling poor? | P1: When writing down dates, do you often make mistakes? | Q1: Do you mix up dates and times and miss appointments? | R1: Do you find forms difficult and confusing? | S1: Do you find it difficult to take messages on the phone and pass them on correctly? | T1: Do you mix up bus numbers like 35 and 53? | U1: Do you find it difficult to say the months of the year forwards in a fluent manner? | V1: When you were at school, did you find it hard to learn the multiplication or times tables? | W1: Do you take longer than you should to read a page of a book? | X1: Do you find difficulty in telling left from right? | Y1: Did you find it difficult to decide how to answer these questions? | Z1: Describe how your reading habits changed over time? | AA1: Have you ever been diagnosed with Dyslexia? | AB1: It is challenging for you to read something you have little to no interest in. | AC1: Have you ever been diagnosed with a reading or learning disability (e.g., dyslexia)? If yes, which one and how long ago? | AD1: Have you ever been diagnosed with ADD/ADHD? If yes, which one/s and how long ago? | AE1: Have you ever been diagnosed with any medical and neurological conditions (macular degeneration, diabetes, memory disorders, LPD, dyspraxia, etc...) If yes, which one/s and how long ago? | AF1: Are you currently under the influence of any drugs, medications, alcohol, or other stimulants (e.g., caffeine, nicotine) that may affect reading/attention? If yes, which? | AG1: Do you have normal or corrected vision? | AH1: If your vision is corrected, how was it corrected (glasses, lenses, surgery, etc.)? | AI1: Which device are you using right now to participate in this study? | AJ1: Please describe your current surroundings. For example, are you indoors/outside, by a window, under natural or artificial light, is the room light/dark, is the room small/large? | AK1: When you submit your response, the link to the main study will be in the next page. | AM1: dys_score_shaun
A2: 45847.46 | B2: xxxx | C2: 25 | D2: Male | E2: Master's degree | F2: Other | G2: Albanian | H2: 5 | I2: 5 | J2: English | K2: Books, Online articles, Social media | L2: 5 | M2: 3 | N2: No | O2: No | P2: No | Q2: No | R2: No | S2: No | T2: No | U2: No | V2: No | W2: No | X2: No | Y2: No | Z2: Because of ADHD, i interrupt myself many times while reading, and get back to it | AA2: No | AB2: 4 | AC2: NO | AD2: Yes, not sure how long ago, I've had ADHD for as long as I can remember | AE2: no | AF2: no | AG2: Yes | AH2: Surgery | AI2: Laptop | AJ2: Indoors, artificial light, light room, large room
A3: 45848.509 | B3: 666559e634fffd1ce19ba654 | C3: 30 | D3: female | E3: Bachelor's Degree (4-years of college) | F3: English | H3: 5 | I3: 5 | J3: English | K3: Books, Online articles, Social media | L3: 5 | M3: 4 | N3: No | O3: No | P3: No | Q3: Yes | R3: No | S3: No | T3: No | U3: No | V3: No | W3: Yes | X3: No | Y3: No | Z3: I read slower as I've gotten older | AA3: No | AB3: 5 | AC3: ADHD | AD3: Yes, in 2019 | AE3: No | AF3: Yes, Adderall | AG3: Yes | AH3: Glasses | AI3: Laptop | AJ3: Indoors, in my bedroom, artificial light, small room | AK3: I understand
A4: 45848.511 | B4: 5da8edc60f9c9c0017526948 | C4: 35 | D4: Male | E4: Associate's degree (2-years of college) | F4: English | H4: 5 | I4: 5 | J4: English | K4: Books, Magazines, Newspapers, Online articles, Social media | L4: 4 | M4: 4 | N4: No | O4: No | P4: No | Q4: No | R4: No | S4: No | T4: No | U4: No | V4: No | W4: No | X4: No | Y4: No | Z4: I feel I am reading less or more short form content over long form. | AA4: No | AB4: 4 | AC4: Autism | AD4: No | AE4: No | AF4: No | AG4: Yes | AH4: Glasses | AI4: Laptop | AJ4: I am indoors by a large window under natural light and the room is small. It contains clothing one door two lamps a desktop, desk, monitor, dresser and power strip. | AK4: I understand
A5: 45848.513 | B5: 614e0468bbbac16be38fa13f | C5: 50 | D5: Male | E5: Associate's degree (2-years of college) | F5: English | H5: 5 | I5: 5 | J5: English | K5: Books, Magazines, Newspapers, Online articles, Social media | L5: 5 | M5: 5 | N5: Yes | O5: Yes | P5: No | Q5: No | R5: No | S5: No | T5: No | U5: No | V5: Yes | W5: Yes | X5: Yes | Y5: Yes | Z5: i dont read paper books I prefer to stick to electronic readers | AA5: No | AB5: 5 | AC5: yes in 3rd grade in school but not diagnosed by a dr | AD5: not by a dr but I suspect I have ADHD | AE5: Diabetes | AF5: caffeine | AG5: Yes | AH5: surgery | AI5: Laptop | AJ5: indoors office | AK5: I understand
A6: 45848.514 | B6: 63d1125c54e8148f4cd30a65 | C6: 61 | D6: Male | E6: Bachelor's Degree (4-years of college) | F6: English | G6: Welsh | H6: 5 | I6: 5 | J6: English | K6: Books, Newspapers, Online articles, Social media | L6: 5 | M6: 4 | N6: No | O6: Yes | P6: No | Q6: No | R6: No | S6: No | T6: No | U6: No | V6: No | W6: No | X6: No | Y6: No | Z6: I read more non fiction books | AA6: No | AB6: 4 | AC6: No | AD6: No | AE6: No | AF6: No | AG6: Yes | AH6: Glasses/contact lenses | AI6: Laptop | AJ6: I am in a campervan which is my office for today. It is sunny and warm outside | AK6: I understand
A7: 45853.835 | B7: 6664d3b710bb2abd191e1b64 | C7: 47 | D7: Female | E7: Bachelor's Degree (4-years of college) | F7: English | H7: 5 | I7: 5 | J7: English | K7: Books, Magazines, Newspapers, Online articles, Social media | L7: 4 | M7: 4 | N7: No | O7: No | P7: No | Q7: No | R7: No | S7: No | T7: No | U7: No | V7: No | W7: No | X7: No | Y7: No | Z7: I don't read for pleasure as much as I did when I was younger. I don't have as much free time as I did back then. I've also replaced the habit of reading with scrolling social media. | AA7: No | AB7: 5 | AC7: No | AD7: Yes, I have ADD. I was diagnosed about 20 years ago. | AE7: No | AF7: No | AG7: Yes | AH7: Glasses | AI7: Laptop | AJ7: I am currently inside my home. I am in my bedroom using artificial light. It is a fairly large room. | AK7: I understand
A8: 45853.839 | B8: 676cf85a261dedbddea3e240 | C8: 51 | D8: female | E8: Master's degree | F8: English | H8: 5 | I8: 5 | J8: English | K8: Books, Magazines, Newspapers, Online articles, Social media | L8: 5 | M8: 5 | N8: No | O8: No | P8: No | Q8: No | R8: No | S8: No | T8: No | U8: No | V8: No | W8: No | X8: No | Y8: No | Z8: I would say I read more complex books-more complex subjects | AA8: No | AB8: 4 | AC8: no | AD8: no | AE8: no | AF8: no | AG8: Yes | AH8: glasses | AI8: Laptop | AJ8: indoors on my living room by natural lit window | AK8: I understand
A9: 45853.85 | B9: 668a9e53e7690b3b64d48e92 | C9: 46 | D9: male | E9: Bachelor's Degree (4-years of college) | F9: English | G9: Urdu | H9: 5 | I9: 5 | J9: English | K9: Online articles | L9: 4 | M9: 4 | N9: No | O9: No | P9: No | Q9: No | R9: No | S9: No | T9: No | U9: No | V9: No | W9: No | X9: No | Y9: No | Z9: When I was younger, I mostly read fiction - especially fantasy and adventure novels. As I got older, I started shifting more toward non-fiction, particularly books on psychology, productivity, and personal finance. These days, I do a mix of both, but I read shorter articles or online content more often than full-length books due to time constraints. I also listen to audiobooks or podcasts now, which wasn’t something I used to do. | AA9: No | AB9: 4 | AC9: no | AD9: no | AG9: Yes | AH9: laser surgery plus YAG laser | AI9: Laptop | AJ9: indoors in the living room under artificial light, the room is large and spacious. | AK9: I understand
A10: 45853.857 | B10: 610508c09d61c098f072605b | C10: 28 | D10: Female | E10: Bachelor's Degree (4-years of college) | F10: English | H10: 5 | I10: 5 | J10: English | K10: Books, Magazines, Newspapers, Online articles, Social media | L10: 5 | M10: 5 | N10: No | O10: No | P10: No | Q10: No | R10: No | S10: No | T10: No | U10: No | V10: No | W10: No | X10: No | Y10: No | Z10: They have remained the same | AA10: No | AB10: 2 | AG10: Yes | AH10: glasses | AI10: Laptop | AJ10: Indoors, bed room, artificial lighting. | AK10: I understand
A11: 45853.877 | B11: 65ee224fc6146bbd065a8ae0 | C11: 24 | D11: female | E11: Bachelor's Degree (4-years of college) | F11: English | H11: 5 | I11: 5 | J11: English | K11: Books, Magazines, Newspapers, Online articles, Social media | L11: 5 | M11: 5 | N11: No | O11: No | P11: No | Q11: No | R11: No | S11: No | T11: No | U11: No | V11: No | W11: No | X11: No | Y11: No | Z11: When I was younger I read books all the time. I would finish mini chapters books in a couple hours. When I was a teen, I stopped reading for a while unless it was necessary for school. But since I have graduated college, I now enjoy reading books for pleasure again! | AA11: No | AB11: 4 | AC11: No | AD11: No | AE11: No | AF11: No | AG11: Yes | AH11: contact lenses | AI11: Laptop | AJ11: inside with the light on right above me. The room is smaller - it is my bedroom. | AK11: I understand
A12: 45855.656 | B12: 66eddcfe67e927db6f0a4768 | C12: 37 | D12: nonbinary | E12: Bachelor's Degree (4-years of college) | F12: English | H12: 5 | I12: 5 | J12: English | K12: Books, Magazines, Newspapers, Online articles, Social media | L12: 4 | M12: 4 | N12: Yes | O12: No | P12: No | Q12: No | R12: Yes | S12: Yes | T12: Yes | U12: No | V12: No | W12: No | X12: No | Y12: No | Z12: I read a little bit less than I used to nowadays, but I do spend a lot of my time engaging with written posts and fanfiction and news articles. | AA12: No | AB12: 4 | AC12: No | AD12: No | AE12: No | AF12: No | AG12: Yes | AH12: glasses | AI12: Laptop | AJ12: I am inside, sitting on my couch, and my son is in his room watching stuff on tiktok. | AK12: I understand
A13: 45855.658 | B13: 6108295fdd0270d7544b5a8a | C13: 35 | E13: Master's degree | F13: English | H13: 5 | I13: 5 | J13: English | K13: Books, Magazines, Newspapers, Online articles | L13: 5 | M13: 4 | N13: Yes | O13: Yes | P13: Yes | Q13: Yes | R13: Yes | S13: Yes | T13: Yes | U13: Yes | V13: Yes | W13: No | X13: Yes | Y13: Yes | Z13: I have switched to reading more ebooks than physical because I like that I can customize things like font and spacing | AA13: No | AB13: 4 | AC13: diagnosed with ADHD about 6 years ago. never tested for dyslexia but suspect I have it | AD13: yes, ADHD inatentive type about 6 years ago | AE13: migraines 21 years ago and autism 11 years ago | AF13: caffiene from coffee (used to self-medicate ADHD) | AG13: Yes | AH13: glasses for distance; nothing needed for close up | AI13: Laptop | AJ13: indoors in small living room, window curtains open behind me but closed in front of me, no artificial lights exept pc screen, slightly dim room | AK13: I understand
A14: 45855.659 | B14: 67842c60c9cba1e154a69bbd | C14: 41 | D14: Male | E14: Master's degree | F14: English | H14: 5 | I14: 5 | J14: English | K14: Books, Magazines, Newspapers, Online articles, Social media | L14: 5 | M14: 5 | N14: Yes | O14: No | P14: No | Q14: Yes | R14: No | S14: No | T14: Yes | U14: Yes | V14: Yes | W14: Yes | X14: No | Y14: No | Z14: It always consistent. | AA14: No | AB14: 3 | AC14: No | AD14: No | AE14: No | AF14: No | AG14: Yes | AI14: Desktop | AJ14: My room is too quiet there is no one around me. | AK14: I understand
A15: 45855.66 | B15: 67e99ec5ac9317593a3fd76b | C15: 31 | D15: male | E15: Bachelor's Degree (4-years of college) | F15: English | H15: 5 | I15: 4 | J15: English | K15: Books | L15: 4 | M15: 4 | N15: No | O15: No | P15: No | Q15: No | R15: No | S15: No | T15: No | U15: No | V15: No | W15: No | X15: No | Y15: No | Z15: nothing has changed | AA15: No | AB15: 3 | AD15: 4yrs | AF15: yes | AG15: No | AI15: Laptop | AJ15: indoors | AK15: I understand
A16: 45855.661 | B16: 67e08140fcb66593f11b6e8e | C16: 32 | D16: male | E16: Bachelor's Degree (4-years of college) | F16: English | H16: 5 | I16: 5 | J16: English | K16: Books, Magazines, Newspapers, Online articles, Social media | L16: 4 | M16: 4 | N16: No | O16: No | P16: Yes | Q16: No | R16: No | S16: No | T16: No | U16: No | V16: Yes | W16: No | X16: No | Y16: No | Z16: it increased over time due to my consistency | AA16: No | AB16: 5 | AC16: no | AD16: no | AE16: no | AF16: no | AG16: No | AI16: Laptop | AJ16: i am indoors facing my door | AK16: I understand
A17: 45855.662 | B17: 67ce1065642e75fb03792cd2 | C17: 48 | E17: Master's degree | F17: English | H17: 5 | I17: 5 | J17: English | K17: Books, Magazines, Newspapers, Online articles, Social media | L17: 5 | M17: 5 | N17: No | O17: No | P17: No | Q17: No | R17: Yes | S17: No | T17: Yes | U17: Yes | V17: No | W17: No | X17: No | Y17: No | Z17: i involved myself on article readin mostly | AA17: No | AB17: 4 | AG17: Yes | AI17: Desktop | AJ17: i am in a room full light | AK17: I understand
A18: 45855.664 | B18: 6578d3429b81c0b73ac4e719 | C18: 22 | D18: Female | E18: Some college | F18: English | G18: Spanish | H18: 5 | I18: 5 | J18: English | K18: Books, Magazines, Newspapers, Online articles, Social media | L18: 4 | M18: 4 | N18: Yes | O18: Yes | P18: Yes | Q18: Yes | R18: Yes | S18: Yes | T18: Yes | U18: No | V18: No | W18: No | X18: Yes | Y18: Yes | Z18: Ive become a faster reader | AA18: No | AB18: 5 | AC18: no | AD18: Yes, Last october i was diagnosed with ADHD | AE18: no | AF18: caffine | AG18: Yes | AH18: contact lenses | AI18: Laptop | AJ18: indoors in a brightly lit room | AK18: I understand
A19: 45855.667 | B19: 60d8c6bc9686529cdc824a49 | C19: 39 | D19: Female | E19: High school/GED | F19: English | H19: 5 | I19: 5 | J19: English | K19: Books, Magazines, Newspapers, Online articles, Social media | L19: 4 | M19: 4 | N19: Yes | O19: Yes | P19: Yes | Q19: No | R19: Yes | S19: No | T19: Yes | U19: No | V19: Yes | W19: Yes | X19: Yes | Y19: Yes | Z19: I've noticed that I think I am more dyslexic | AA19: No | AB19: 5 | AC19: No, but I do remember when I was in 7th grade I had to stay after school with my reading teacher for most of the year because I was at least 3 levels behind where I needed to be. I don't know why I wasn't taken to the doctors about it because my parents knew about it. | AD19: No, but I recently told my husband that I am going to talk to my doctor about it when I go next. | AE19: no | AF19: No | AG19: Yes | AH19: glasses | AI19: Desktop | AJ19: indoor, in front of windows that the blinds are closed. sitting at my desk. | AK19: I understand
A20: 45855.667 | B20: 67acea60283b9ad009444b49 | C20: 29 | D20: Female | E20: Bachelor's Degree (4-years of college) | F20: English | H20: 5 | I20: 5 | J20: English | K20: Books, Magazines, Newspapers, Online articles, Social media | L20: 5 | M20: 5 | N20: No | O20: No | P20: No | Q20: No | R20: No | S20: No | T20: No | U20: Yes | V20: No | W20: No | X20: No | Y20: No | Z20: They've improved. | AA20: No | AB20: 3 | AG20: No | AI20: Desktop | AJ20: Indoors, medium to darker room, large room | AK20: I understand
A21: 45855.669 | B21: 67d232491fcc58c4a4519aef | C21: 31 | D21: Female | E21: Bachelor's Degree (4-years of college) | F21: English | H21: 5 | I21: 5 | J21: English | K21: Books, Magazines, Newspapers, Online articles, Social media | L21: 5 | M21: 5 | N21: No | O21: No | P21: No | Q21: No | R21: No | S21: No | T21: No | U21: No | V21: No | W21: No | X21: No | Y21: No | Z21: no stress in reading and made it so fun in reading | AA21: Yes | AB21: 4 | AC21: Dyslexia, 15 years ago | AD21: ADHD , 15 years ago | AE21: none | AF21: none | AG21: Yes | AH21: normal | AI21: Laptop | AJ21: indoors in a quiet room | AK21: I understand
A22: 45855.671 | B22: 615110f7e86a1185ccf25ce9 | C22: 61 | D22: female | E22: Associate's degree (2-years of college) | F22: English | H22: 5 | I22: 5 | J22: English | K22: Books, Magazines, Newspapers, Online articles, Social media | L22: 5 | M22: 4 | N22: Yes | O22: Yes | P22: Yes | Q22: No | R22: No | S22: No | T22: No | U22: No | V22: No | W22: No | X22: No | Y22: No | Z22: I read books, then the computer, then my phone..still read all of them | AA22: Yes | AB22: 3 | AC22: Dyslexia, in grade school, but was taught how to get around it, | AD22: no | AE22: diabetes 2020 | AF22: no | AG22: Yes | AH22: glasses | AI22: Desktop | AJ22: in my house in the school room, on the computer buy the window with lighting from both it and lamp, room is medium size | AK22: I understand
A23: 45855.689 | B23: 5dd3699ee73e6136c640f1cf | C23: 48 | D23: male | E23: Bachelor's Degree (4-years of college) | F23: English | H23: 5 | I23: 5 | J23: English | K23: Books, Magazines, Newspapers, Online articles, Social media | L23: 5 | M23: 5 | N23: No | O23: No | P23: No | Q23: No | R23: No | S23: No | T23: No | U23: No | V23: No | W23: No | X23: No | Y23: No | Z23: Over time, my reading habits have shifted from mostly fiction and leisurely reading in childhood to more non-fiction, news, and professional materials as I’ve grown older; now I prioritize purpose-driven reading—focused on learning, staying informed, or personal development—though I still enjoy the occasional novel when time allows | AA23: No | AB23: 1 | AC23: no | AD23: no | AE23: no | AF23: no | AG23: No | AH23: n/a | AI23: Laptop | AJ23: I am indoors in a moderately sized room, lit primarily by artificial light. There’s a window nearby letting in some natural light, but it’s not the main source of illumination. The space feels quiet and organized, with a neutral ambiance that’s suitable for focused work. | AK23: I understand
A24: 45855.709 | B24: 67062295123561f8241f65fc | C24: 29 | D24: Male | E24: High school/GED | F24: English | H24: 5 | I24: 5 | J24: English | K24: Books, Magazines, Newspapers, Online articles, Social media | L24: 5 | M24: 3 | N24: Yes | O24: Yes | P24: Yes | Q24: No | R24: Yes | S24: No | T24: Yes | U24: Yes | V24: No | W24: Yes | X24: Yes | Y24: No | Z24: As a kid it was all about getting the gist of what was written and filling in the blanks. Now I have a much or mithodical approach. But I still have to fill in the gaps or reread the sentence once or twice. | AA24: No | AB24: 5 | AG24: Yes | AI24: Laptop | AJ24: I am indoors, with a mix of natural and artificial light. It's a smallish room. | AK24: I understand
A25: 45856.438 | B25: 5fa883c9bd81737431af4d49 | C25: 36 | D25: female | E25: High school/GED | F25: English | H25: 5 | I25: 5 | J25: English | K25: Books, Magazines, Social media | L25: 5 | M25: 3 | N25: Yes | O25: No | P25: Yes | Q25: No | R25: Yes | S25: No | T25: Yes | U25: No | V25: Yes | W25: Yes | X25: Yes | Y25: No | Z25: i've not really noticed any changes | AA25: Yes | AB25: 5 | AC25: dyslexia - since i was a child | AD25: n/a | AE25: n/a | AF25: caffeine, alcohol | AG25: Yes | AI25: Desktop | AJ25: inside with a mix of natural and artificial light | AK25: I understand
A26: 45856.448 | B26: 67dde901251834ece323f258 | C26: 36 | D26: Transwoman | E26: Master's degree | F26: English | H26: 5 | I26: 5 | J26: English | K26: Books, Magazines, Online articles, Social media | L26: 5 | M26: 5 | N26: No | O26: No | P26: No | Q26: No | R26: No | S26: No | T26: No | U26: No | V26: No | W26: No | X26: No | Y26: No | Z26: I read daily | AA26: Yes | AB26: 4 | AG26: No | AI26: Laptop | AJ26: indoors currently in the living room | AK26: I understand
A27: 45856.451 | B27: 67e469d0bbb689eacffa0ee0 | C27: 34 | D27: transgender | E27: Master's degree | F27: English | H27: 4 | I27: 4 | J27: English | K27: Books, Newspapers, Online articles | L27: 4 | M27: 4 | N27: No | O27: No | P27: No | Q27: No | R27: No | S27: No | T27: No | U27: No | V27: No | W27: No | X27: No | Y27: No | Z27: nothing has changed overtime maybe a little bit | AA27: Yes | AB27: 2 | AC27: yes, 2010 | AD27: yes, 2010 | AE27: yes, mental health | AF27: alcohol | AG27: Yes | AH27: normal | AI27: Laptop | AJ27: am indoors | AK27: I understand
A28: 45856.467 | B28: 67e04f4402f278a9ccfe0f87 | C28: 34 | D28: female | E28: Doctoral degree | F28: English | H28: 5 | I28: 5 | J28: English | K28: Books, Magazines, Newspapers, Online articles, Social media | L28: 5 | M28: 4 | N28: No | O28: No | P28: No | Q28: No | R28: No | S28: No | T28: No | U28: No | V28: No | W28: No | X28: No | Y28: No | Z28: My reading habits have improved over time as my reading speed has increased | AA28: No | AB28: 3 | AC28: No | AD28: No | AE28: No | AF28: No | AG28: Yes | AI28: Desktop | AJ28: I am indoors | AK28: I understand
A29: 45856.505 | B29: 5bcbfa2832e46700016f1c1d | C29: 33 | D29: Female | E29: Associate's degree (2-years of college) | F29: English | H29: 5 | I29: 5 | J29: English | K29: Books, Magazines, Newspapers, Online articles, Social media | L29: 5 | M29: 5 | N29: No | O29: No | P29: No | Q29: No | R29: No | S29: No | T29: No | U29: No | V29: No | W29: No | X29: No | Y29: No | Z29: I've opened my mind to different genres of books | AA29: No | AB29: 4 | AC29: No | AD29: N/A | AE29: No | AF29: No | AG29: Yes | AH29: Glasses | AI29: Desktop | AJ29: Mid lighting room. Quiet | AK29: I understand
A30: 45856.518 | B30: 677c4861d510515568796dab | C30: 28 | D30: F | E30: Some college | F30: English | H30: 5 | I30: 5 | J30: English | K30: Books, Magazines, Newspapers, Online articles, Social media | L30: 5 | M30: 4 | N30: No | O30: No | P30: No | Q30: Yes | R30: No | S30: No | T30: No | U30: No | V30: Yes | W30: No | X30: No | Y30: No | Z30: I feel like I became slightly slower when reading texts and it became easier for me to mix up numbers occasionally. | AA30: No | AB30: 4 | AC30: ADHD | AD30: Yes, one year ago | AG30: No | AI30: Desktop | AJ30: I'm in a small office space with one window and natural light. | AK30: I understand
A31: 45856.526 | B31: 67e23f61d6642c6710f62686 | C31: 34 | D31: male | E31: Doctoral degree | F31: English | H31: 5 | I31: 5 | J31: English | K31: Online articles | L31: 4 | M31: 4 | N31: No | O31: No | P31: No | Q31: Yes | R31: No | S31: No | T31: Yes | U31: No | V31: No | W31: No | X31: No | Y31: No | Z31: I like reading | AA31: No | AB31: 4 | AG31: No | AI31: Desktop | AJ31: I am in a quite room sited on a chair. | AK31: I understand
A32: 45859.439 | B32: 682a50d2769e21e578e1c3d4 | C32: 19 | D32: male | E32: High school/GED | F32: English | H32: 5 | I32: 5 | J32: English | K32: Books, Magazines, Newspapers, Online articles, Social media | L32: 5 | M32: 5 | N32: No | O32: No | P32: No | Q32: No | R32: No | S32: Yes | T32: No | U32: No | V32: No | W32: No | X32: No | Y32: No | Z32: appreciated | AA32: No | AB32: 1 | AC32: No | AD32: No | AE32: No | AF32: No | AG32: No | AI32: Desktop | AJ32: I am indoors in an office | AK32: I understand
A33: 45859.439 | B33: 682a1996cd2cfa1f1160cb71 | C33: 42 | D33: Male | E33: Some college | F33: English | G33: 1 | H33: 5 | I33: 5 | J33: English | K33: Books, Magazines, Newspapers, Online articles, Social media | L33: 5 | M33: 4 | N33: No | O33: Yes | P33: No | Q33: No | R33: No | S33: No | T33: No | U33: No | V33: No | W33: No | X33: No | Y33: No | Z33: I read more often until I got better | AA33: Yes | AB33: 5 | AC33: ADHD | AD33: hyperactive-impulsive | AE33: Type 2 diabetes | AF33: no | AG33: Yes | AH33: glasses | AI33: Laptop | AJ33: indoors | AK33: I understand
A34: 45859.44 | B34: 5c508096f45b26000122f391 | C34: 36 | D34: female | E34: Associate's degree (2-years of college) | F34: English | H34: 5 | I34: 5 | J34: English | K34: Books, Magazines, Online articles | L34: 3 | M34: 3 | N34: No | O34: No | P34: No | Q34: Yes | R34: No | S34: No | T34: Yes | U34: No | V34: No | W34: No | X34: No | Y34: No | Z34: I am sure I had more time to read until I turned 30 and started working harder hours so not much time for leisure. | AA34: No | AB34: 4 | AC34: yes, ADHD | AD34: yes, ADHD, Last year | AE34: depression, | AF34: no | AG34: Yes | AH34: glasses | AI34: Desktop | AJ34: indoors, by a window and it is in the morning | AK34: I understand
A35: 45859.446 | B35: 67ed7edbe57ce7b9014a8400 | C35: 57 | D35: FEMALE | E35: Master's degree | F35: English | H35: 5 | I35: 5 | J35: English | K35: Books, Magazines, Newspapers, Online articles, Social media | L35: 5 | M35: 5 | N35: No | O35: No | P35: No | Q35: No | R35: No | S35: No | T35: No | U35: No | V35: No | W35: No | X35: No | Y35: No | Z35: It has improved in a positive manner | AA35: Yes | AB35: 1 | AC35: yes | AD35: Yes ADHD 5 YEARS | AE35: Yes Diabetes, 10 years ago | AF35: no | AG35: Yes | AH35: normal | AI35: Desktop | AJ35: indoors in a small quiet well lit room | AK35: I understand
A36: 45859.465 | B36: 67ef5d4cd8cc8b703fdf70f4 | C36: 45 | D36: Female | E36: Master's degree | F36: English | G36: spanish | H36: 5 | I36: 5 | J36: English | K36: Books, Magazines, Newspapers, Online articles, Social media | L36: 5 | M36: 5 | N36: No | O36: No | P36: No | Q36: No | R36: No | S36: No | T36: No | U36: No | V36: No | W36: No | X36: No | Y36: No | Z36: Sometime back as a kid ,I used to read a lot of fiction for fun. In school it became more of studying. These day I end up reading many articles and some short pieces. | AA36: No | AB36: 3 | AC36: NO | AD36: NO | AE36: NO | AF36: NO | AG36: Yes | AI36: Laptop | AJ36: Indoors | AK36: I understand
A37: 45859.473 | B37: 67548479896611f20a4da518 | C37: 64 | D37: Female | E37: Professional degree | F37: English | H37: 5 | I37: 4 | J37: English | K37: Books, Magazines, Online articles | L37: 5 | M37: 4 | N37: No | O37: No | P37: No | Q37: No | R37: No | S37: No | T37: No | U37: No | V37: Yes | W37: No | X37: Yes | Y37: No | Z37: My reading habits has changed but not in a negative way, I am still able to read fluently even with my age and Idon't encounter any major difficulties at all | AA37: No | AB37: 4 | AE37: I was diagnosed with diabetes 4 year ago | AF37: No I'm not | AG37: Yes | AH37: glasses | AI37: Desktop | AJ37: I'm in door and there is a little brightness in rhe room | AK37: I understand
A38: 45859.62 | B38: 5c47f0c82381060001bf7500 | C38: 29 | D38: female | E38: Some college | F38: English | G38: French | H38: 5 | I38: 5 | J38: English | K38: Books, Online articles, Social media | L38: 4 | M38: 4 | N38: No | O38: No | P38: No | Q38: No | R38: Yes | S38: No | T38: No | U38: No | V38: Yes | W38: Yes | X38: No | Y38: No | Z38: I've improved quite a bit after struggling for a long time but now I enjoy reading | AA38: No | AB38: 5 | AG38: Yes | AH38: glasses | AI38: Laptop | AJ38: I'm inside in a dimly lit room, sitting by a window | AK38: I understand
A39: 45859.622 | B39: 66c290bb20faa822520e73e3 | C39: 49 | D39: female | E39: High school/GED | F39: English | H39: 5 | I39: 5 | J39: English | K39: Books, Magazines, Newspapers, Online articles, Social media | L39: 4 | M39: 5 | N39: No | O39: Yes | P39: No | Q39: No | R39: No | S39: No | T39: No | U39: No | V39: Yes | W39: No | X39: Yes | Y39: No | Z39: They really haven't. I still read a lot, have for a lot of years. | AA39: No | AB39: 4 | AC39: 35 | AD39: no | AE39: no | AF39: no | AG39: Yes | AH39: glasses | AI39: Laptop | AJ39: Home, inside bright room natural light, large room | AK39: I understand
A40: 45859.622 | B40: 67886304e14dce87368e3688 | C40: 63 | D40: male | E40: High school/GED | F40: English | G40: none | H40: 5 | I40: 5 | J40: English | K40: Books, Magazines, Newspapers, Online articles, Social media | L40: 5 | M40: 5 | N40: No | O40: Yes | P40: No | Q40: No | R40: No | S40: No | T40: Yes | U40: No | V40: No | W40: No | X40: No | Y40: No | Z40: yes i read less | AA40: No | AB40: 1 | AC40: no | AD40: no | AE40: no | AF40: no | AG40: Yes | AH40: glasses | AI40: Laptop | AJ40: laying bed in a dark roon | AK40: I understand
A41: 45859.623 | B41: 67d187f13384c3052612cca3 | C41: 39 | D41: male | E41: Bachelor's Degree (4-years of college) | F41: English | H41: 5 | I41: 5 | J41: English | K41: Books, Magazines, Newspapers | L41: 4 | M41: 4 | N41: No | O41: No | P41: No | Q41: No | R41: No | S41: No | T41: No | U41: No | V41: No | W41: No | X41: No | Y41: No | Z41: Am becoming more better than before and getting to understand some new words that I did not know | AA41: No | AB41: 2 | AC41: I have never been diagnosed wit any reading or learning disability | AD41: I have never been diagnosed with ADD/ADHD | AE41: I have been diagnosed with diabetes | AF41: I am not under the influence of any stimulant | AG41: Yes | AI41: Desktop | AJ41: I am indoors in a large dark room | AK41: I understand
A42: 45859.624 | B42: 678c21297d5530210477d1ec | C42: 52 | D42: FEMALE | E42: Master's degree | F42: English | H42: 5 | I42: 5 | J42: English | K42: Books, Magazines, Newspapers, Online articles, Social media | L42: 5 | M42: 5 | N42: No | O42: No | P42: No | Q42: No | R42: No | S42: No | T42: No | U42: No | V42: No | W42: No | X42: No | Y42: No | Z42: I've been reading right from childhood in English. It has been an interesting part of my life to read magazines, novels, newspapers and even writing my thesis in English. Reading has made me a confident and enlightened woman | AA42: No | AB42: 1 | AC42: no | AD42: no | AE42: no | AF42: no | AG42: Yes | AI42: Laptop | AJ42: I'm currently in my study which is a dedicated space for work and reading. It is well lightened with books and my computer | AK42: I understand
A43: 45859.651 | B43: 5d23cee7771223001647e8c7 | C43: 36 | D43: Female | E43: Associate's degree (2-years of college) | F43: English | H43: 5 | I43: 5 | J43: English | K43: Books, Magazines, Newspapers, Online articles, Social media | L43: 5 | M43: 5 | N43: No | O43: No | P43: No | Q43: No | R43: No | S43: No | T43: No | U43: No | V43: No | W43: No | X43: No | Y43: No | Z43: When I was younger I had difficulty reading, but I gradually got better and I was able to read bigger and longer books and now I read constantly. I'm always reading books, articles online, magazines, etc. | AA43: Yes | AB43: 3 | AC43: Yes, I was diagnosed with dyslexia when I was a child. I believe around 10 years old. | AD43: No I have not. | AE43: Yes, I was diagnosed with Type 1 Diabetes when I was a child around 8 or 9 years old. | AF43: No, I am not. | AG43: No | AH43: My vision was not corrected. | AI43: Desktop | AJ43: I'm currently in doors, inside my guest bedroom that acts as a home office with one window in the room and I have artificial light via a large lamp in the room. The room is well lit up and is an average size for a second bedroom. | AK43: I understand
A44: 45860.598 | B44: 67d4980ba4b5003b2e2797d6 | C44: 31 | D44: Female | E44: Master's degree | F44: English | H44: 5 | I44: 5 | J44: English | K44: Books, Magazines, Newspapers, Online articles, Social media | L44: 5 | M44: 4 | N44: No | O44: No | P44: No | Q44: No | R44: No | S44: No | T44: No | U44: No | V44: No | W44: No | X44: No | Y44: No | Z44: I used to read slower when i read small storybooks but since my speed went up I read larger texts now like novels | AA44: No | AB44: 5 | AC44: No | AD44: No | AE44: No | AF44: No | AG44: Yes | AH44: glasses | AI44: Laptop | AJ44: Indoors in a well lit room sitting next to a window | AK44: I understand
A45: 45860.599 | B45: 67da8fce2d60b47024c47722 | C45: 70 | D45: female | E45: Master's degree | F45: English | G45: english | H45: 3 | I45: 3 | J45: English | K45: Social media | L45: 3 | M45: 3 | N45: Yes | O45: No | P45: No | Q45: No | R45: No | S45: No | T45: No | U45: No | V45: No | W45: No | X45: No | Y45: No | Z45: N/A | AA45: No | AB45: 3 | AC45: no | AD45: no | AE45: no | AF45: no | AG45: Yes | AH45: non | AI45: Laptop | AJ45: a small room with light. | AK45: I understand
A46: 45860.601 | B46: 67d58c9e0d4c550c25f03404 | C46: 24 | D46: Female | E46: Bachelor's Degree (4-years of college) | F46: English | H46: 5 | I46: 5 | J46: English | K46: Books, Magazines, Newspapers, Online articles, Social media | L46: 5 | M46: 5 | N46: No | O46: No | P46: No | Q46: No | R46: No | S46: No | T46: No | U46: No | V46: Yes | W46: Yes | X46: No | Y46: No | Z46: I have been able to read more pages of a book per a reading session compared to when i was younger. I recall not being able to fathom what a paragraph is saying until i read it several times. Currently, that is no longer an issue to me. Furthermore, i have developed a very recommendable reading culture where i read several pages per day. | AA46: No | AB46: 5 | AG46: Yes | AI46: Laptop | AJ46: A well lit room, books on the table, and a serene environment | AK46: I understand
A47: 45860.602 | B47: 67e478cd1e606cd162f6f60e | C47: 34 | D47: male | E47: Professional degree | F47: English | G47: german | H47: 5 | I47: 5 | J47: English | K47: Books, Newspapers | L47: 5 | M47: 4 | N47: Yes | O47: No | P47: Yes | Q47: Yes | R47: Yes | S47: Yes | T47: No | U47: Yes | V47: Yes | W47: Yes | X47: Yes | Y47: Yes | Z47: I used to read mostly for school or work—articles, reports, and textbooks. Over time, I started reading more for pleasure, especially fiction and biographies. Lately, I prefer audiobooks and short articles, since they fit better into a busy schedule. | AA47: Yes | AB47: 3 | AG47: Yes | AH47: glasses | AI47: Laptop | AJ47: indoors | AK47: I understand
A48: 45860.603 | B48: 67d9bfed35d1baab188a6502 | C48: 23 | D48: Male | E48: Bachelor's Degree (4-years of college) | F48: English | G48: Spanish and french | H48: 5 | I48: 5 | J48: English | K48: Books, Magazines, Newspapers, Online articles, Social media | L48: 5 | M48: 5 | N48: No | O48: No | P48: No | Q48: No | R48: No | S48: No | T48: No | U48: No | V48: No | W48: No | X48: No | Y48: No | Z48: I have improved on the average number of books i read in a week. | AA48: No | AB48: 5 | AC48: No learning disability | AD48: Yes , 2 months ago | AE48: No | AF48: Yes, Alcohol | AG48: Yes | AH48: use of Glasses | AI48: Laptop | AJ48: Indoors in my room under artificial light and the room is light and large | AK48: I understand
A49: 45860.605 | B49: 67e478cd1e606cd162f6f60e | C49: 34 | D49: male | E49: Professional degree | F49: English | G49: germany | H49: 5 | I49: 5 | J49: English | K49: Books | L49: 5 | M49: 5 | N49: Yes | O49: Yes | P49: Yes | Q49: No | R49: No | S49: Yes | T49: No | U49: No | V49: No | W49: No | X49: Yes | Y49: Yes | Z49: I used to read mostly for school or work—articles, reports, and textbooks. Over time, I started reading more for pleasure, especially fiction and biographies. Lately, I prefer audiobooks and short articles, since they fit better into a busy schedule. | AA49: Yes | AB49: 5 | AG49: Yes | AH49: glasses | AI49: Laptop | AJ49: indoors | AK49: I understand
A50: 45860.606 | B50: 5ff6332966382e1bf16ed6b6 | C50: 37 | D50: Female | E50: Master's degree | F50: English | H50: 5 | I50: 5 | J50: English | K50: Books, Magazines, Newspapers, Online articles, Social media | L50: 5 | M50: 5 | N50: Yes | O50: No | P50: No | Q50: No | R50: No | S50: No | T50: No | U50: No | V50: No | W50: No | X50: No | Y50: No | Z50: They've stayed pretty consistent. | AA50: No | AB50: 4 | AC50: ADHD | AD50: Yes, 21 years ago | AE50: no | AF50: no | AG50: Yes | AH50: glasses | AI50: Laptop | AJ50: Inside on my couch in artificial light | AK50: I understand
A51: 45860.608 | B51: 67839a9f3657ad5351a92bb6 | C51: 40 | D51: female | E51: Doctoral degree | F51: English | H51: 5 | I51: 5 | J51: English | K51: Books, Magazines, Newspapers, Online articles, Social media | L51: 5 | M51: 5 | N51: No | O51: No | P51: No | Q51: No | R51: No | S51: No | T51: No | U51: No | V51: No | W51: No | X51: No | Y51: No | Z51: I have a more efficient reader. | AA51: No | AB51: 3 | AC51: no | AD51: no | AE51: no | AF51: no | AG51: Yes | AI51: Laptop | AJ51: indoors | AK51: I understand
A52: 45860.611 | B52: 67d38e686bef986a7bf9e769 | C52: 31 | D52: female | E52: Doctoral degree | F52: English | H52: 5 | I52: 5 | J52: English | K52: Books, Magazines, Newspapers, Social media | L52: 4 | M52: 4 | N52: No | O52: No | P52: No | Q52: No | R52: No | S52: No | T52: No | U52: No | V52: No | W52: No | X52: No | Y52: No | Z52: They have not really changed so much | AA52: No | AB52: 4 | AD52: no | AE52: no | AF52: no | AG52: No | AI52: Laptop | AJ52: the room is lit | AK52: I understand
A53: 45860.613 | B53: 66d86684757e049050f5cccc | C53: 20 | D53: Female | E53: Some college | F53: English | H53: 5 | I53: 5 | J53: English | K53: Books, Newspapers, Online articles, Social media | L53: 4 | M53: 5 | N53: No | O53: No | P53: No | Q53: No | R53: No | S53: No | T53: No | U53: No | V53: Yes | W53: No | X53: Yes | Y53: No | Z53: I feel like my reading habits have gotten worse since finishing school | AA53: No | AB53: 5 | AC53: No | AD53: No | AE53: No | AF53: No | AG53: Yes | AH53: Lenses | AI53: Desktop | AJ53: Indoors by a window under artificial and natural lighting | AK53: I understand
A54: 45860.614 | B54: 63643728a38eaad0e7a70ee4 | C54: 27 | E54: Master's degree | F54: English | H54: 5 | I54: 5 | J54: English | K54: Books, Magazines, Newspapers, Online articles, Social media | L54: 5 | M54: 3 | N54: Yes | O54: Yes | P54: No | Q54: Yes | R54: No | S54: No | T54: Yes | U54: No | V54: No | W54: Yes | X54: Yes | Y54: No | Z54: fluctuate between only reading to never reading | AA54: No | AB54: 5 | AC54: officially diagnosed no | AD54: officially diagnosed no | AE54: no | AF54: no | AG54: No | AH54: contacts | AI54: Laptop | AJ54: in my living room | AK54: I understand
A55: 45860.652 | B55: 5fa2b9a3c1d67f3a311db672 | C55: 28 | D55: Female | E55: Some college | F55: English | H55: 5 | I55: 5 | J55: English | K55: Books, Magazines, Newspapers, Online articles, Social media | L55: 4 | M55: 4 | N55: Yes | O55: No | P55: No | Q55: No | R55: No | S55: No | T55: Yes | U55: No | V55: Yes | W55: No | X55: Yes | Y55: Yes | Z55: I used to read a lot when I was younger, but as I got older I had less time to read. | AA55: Yes | AB55: 4 | AC55: I was diagnosed with Dyslexia when I was around 11 | AD55: I was diagnosed with ADHD when I was around 11 years old | AG55: Yes | AH55: I wear glasses | AI55: Laptop | AJ55: I'm indoors with my window open making it bright in my room | AK55: I understand
A56: 45861.419 | B56: 6720d262ceed23c1ad0be1c7 | C56: 36 | D56: male | E56: Bachelor's Degree (4-years of college) | F56: English | H56: 5 | I56: 5 | J56: English | K56: Books, Magazines, Online articles | L56: 5 | M56: 3 | N56: Yes | O56: No | P56: No | Q56: No | R56: Yes | S56: Yes | T56: Yes | U56: No | V56: Yes | W56: Yes | X56: Yes | Y56: No | Z56: I learned to skim first and then reread so I have an initially idea of the information then my brain can then process it easier, it helps with dyslexia. | AA56: Yes | AB56: 5 | AC56: I was diagnosed with dyslexia in elementary school through a speech therapist. | AD56: No | AE56: No | AF56: No | AG56: Yes | AH56: Glasses and contacts | AI56: Laptop | AJ56: Indoors natural light | AK56: I understand
A57: 45861.421 | B57: 63d7b81d79044b73bfb50952 | C57: 42 | D57: MALE | E57: Bachelor's Degree (4-years of college) | F57: English | H57: 5 | I57: 5 | J57: English | K57: Books, Magazines, Newspapers, Online articles, Social media | L57: 5 | M57: 5 | N57: No | O57: No | P57: No | Q57: No | R57: No | S57: No | T57: Yes | U57: No | V57: Yes | W57: No | X57: No | Y57: No | Z57: My reading habits have not changed over time i read just as good as i did when i was a teenager.I read every single day. I have noticed over time my Dyslexia rarely presents it's self and when it does i notice right away. | AA57: Yes | AB57: 2 | AC57: oh i was in 4th grade when they diagnosed me with dyslexia so many moons ago | AG57: Yes | AH57: Glasses | AI57: Desktop | AJ57: I'm inside my computer room, it's literally a desk moved up to a lazy boy so i can recline on it and do stuff on the computer. The monitor is mounted to a VESA mount so i can adjust it to any angle. ITs pretty comfy but not good for circulation so i have to stand up and walk around frequently. | AK57: I understand
A58: 45861.421 | B58: 680e77f1b497bfe3d4df3514 | C58: 59 | D58: Female | E58: Doctoral degree | F58: English | H58: 5 | I58: 5 | J58: English | K58: Books, Magazines, Newspapers, Online articles, Social media | L58: 5 | M58: 5 | N58: No | O58: No | P58: No | Q58: No | R58: No | S58: No | T58: No | U58: No | V58: No | W58: No | X58: No | Y58: No | Z58: I used to read word by word and couldn't go to the next word without being confused but gradually I progressed to memorizing a whole line and going to the next without forgetting anything. | AA58: No | AB58: 1 | AC58: No | AD58: No | AE58: Yes, Type 2 diabetes, 15 years ago. | AF58: No | AG58: Yes | AH58: Glasses | AI58: Laptop | AJ58: I am indoors, at the center of the room, under natural light from large windows, the room is large | AK58: I understand
A59: 45861.423 | B59: 5f85f217f845b10f388f2ce7 | C59: 54 | D59: Female | E59: Some college | F59: English | H59: 5 | I59: 5 | J59: English | K59: Books, Magazines, Newspapers, Online articles, Social media | L59: 4 | M59: 5 | N59: No | O59: No | P59: No | Q59: No | R59: Yes | S59: Yes | T59: Yes | U59: No | V59: Yes | W59: No | X59: No | Y59: No | Z59: I don't read as much as I used to. | AA59: No | AB59: 5 | AD59: Yes | AE59: No | AF59: No | AG59: Yes | AH59: glasses | AI59: Desktop | AJ59: indoors and the window is behind me with a light room that is small. | AK59: I understand
A60: 45861.427 | B60: 68491eeead1c9115dbd5d603 | C60: 35 | D60: male | E60: Master's degree | F60: English | H60: 5 | I60: 5 | J60: English | K60: Books, Magazines, Newspapers, Online articles, Social media | L60: 4 | M60: 4 | N60: No | O60: No | P60: No | Q60: No | R60: No | S60: No | T60: No | U60: No | V60: No | W60: No | X60: No | Y60: No | Z60: My reading habits have definitely changed over time. When I was younger, I mostly read for fun mostly novels and stories that captured my imagination. As I got older, I started reading more nonfiction and articles to learn about things that interest me or help me with work. Lately, I’ve been listening to audiobooks a lot because it fits better into my busy days. So overall, I’d say I’ve gone from just reading for entertainment to reading (or listening) for both enjoyment and personal growth. | AA60: No | AB60: 3 | AG60: No | AI60: Desktop | AJ60: Right now, I’m sitting indoors in a fairly small room. There’s a window nearby letting in some natural light, but I also have a lamp on, so it’s a mix of natural and artificial lighting. The room feels cozy and quiet, with enough space to work comfortably but not too big. It’s the kind of environment that helps me focus without too many distractions. | AK60: I understand
A61: 45861.431 | B61: 67882f09d81a89e769f8f51f | C61: 31 | D61: Female | E61: Doctoral degree | F61: English | H61: 5 | I61: 5 | J61: English | K61: Books, Magazines, Newspapers, Online articles, Social media | L61: 5 | M61: 4 | N61: No | O61: No | P61: No | Q61: No | R61: No | S61: No | T61: No | U61: No | V61: No | W61: No | X61: No | Y61: No | Z61: It changed to the positive | AA61: No | AB61: 4 | AC61: No | AD61: No | AE61: Yes, diabetes some couples of years ago | AF61: Yes, caffeine | AG61: No | AI61: Desktop | AJ61: I'm indoors, under artificial light, room is light, room large | AK61: I understand
A62: 45861.435 | B62: 67f020ded233a50f479c4c87 | C62: 43 | D62: Male | E62: Master's degree | F62: English | H62: 5 | I62: 5 | J62: English | K62: Books, Magazines, Newspapers, Online articles, Social media | L62: 4 | M62: 5 | N62: No | O62: No | P62: No | Q62: No | R62: No | S62: No | T62: No | U62: No | V62: Yes | W62: Yes | X62: No | Y62: No | Z62: I used to read mostly out of necessity, like for school or work, but over time I developed a genuine love for reading. Now I read more regularly, both for enjoyment and personal growth. My reading speed and comprehension have improved with practice. | AA62: Yes | AB62: 4 | AC62: Yes, I was diagnosed with ADHD when I was younger. I'm now 43, and I’ve learned to manage it well. It doesn’t affect me much anymore. | AD62: Yes | AE62: No | AF62: Just caffeine; morning coffee. | AG62: Yes | AH62: Glasses | AI62: Laptop | AJ62: I’m indoors in a medium-sized room with artificial lighting. It’s quiet and comfortable, with a friendly environment for reading and focusing. | AK62: I understand
A63: 45861.437 | B63: 67d38d0b4d7fc9c2517ff079 | C63: 25 | D63: Male | E63: Bachelor's Degree (4-years of college) | F63: English | H63: 5 | I63: 5 | J63: English | K63: Books, Magazines, Newspapers, Online articles, Social media | L63: 4 | M63: 4 | N63: No | O63: No | P63: No | Q63: No | R63: No | S63: No | T63: No | U63: No | V63: Yes | W63: No | X63: No | Y63: No | Z63: improved a great deal | AA63: No | AB63: 4 | AC63: No | AD63: NO | AE63: No | AF63: No | AG63: Yes | AI63: Desktop | AJ63: I am in a small, quiet room with natural lighting | AK63: I understand
A64: 45861.446 | B64: 67ead68cde953c130a670193 | C64: 29 | D64: female | E64: Bachelor's Degree (4-years of college) | F64: English | H64: 5 | I64: 5 | J64: English | K64: Books, Magazines, Newspapers, Online articles, Social media | L64: 4 | M64: 4 | N64: Yes | O64: No | P64: No | Q64: No | R64: Yes | S64: No | T64: No | U64: No | V64: No | W64: No | X64: No | Y64: No | Z64: excellent | AA64: No | AB64: 4 | AC64: No | AD64: No | AE64: none | AF64: no | AG64: Yes | AI64: Laptop | AJ64: nothing much | AK64: I understand
A65: 45861.469 | B65: 66c0ff51cdc16a2baa0a44f6 | C65: 29 | D65: female | E65: Master's degree | F65: English | G65: english | H65: 5 | I65: 5 | J65: English | K65: Books, Magazines, Newspapers, Online articles, Social media | L65: 2 | M65: 5 | N65: No | O65: No | P65: No | Q65: No | R65: No | S65: No | T65: No | U65: No | V65: No | W65: No | X65: No | Y65: No | Z65: good | AA65: No | AB65: 2 | AG65: Yes | AH65: nature | AI65: Laptop | AJ65: under natural or artificial light | AK65: I understand
A66: 45861.473 | B66: 67f2cc226edbc1557a94e6ca | C66: 32 | D66: female | E66: Master's degree | F66: English | G66: french | H66: 5 | I66: 5 | J66: English | K66: Books, Magazines, Newspapers, Online articles, Social media | L66: 5 | M66: 5 | N66: No | O66: No | P66: No | Q66: No | R66: No | S66: No | T66: No | U66: No | V66: No | W66: No | X66: No | Y66: No | Z66: it has improved over time as I exposed myself to written articles | AA66: No | AB66: 2 | AC66: no | AD66: no | AE66: diabetes type 2 | AF66: no | AG66: Yes | AI66: Laptop | AJ66: inside in my study room | AK66: I understand
A67: 45861.476 | B67: 5fcecd70db3ccb1a7f9331c9 | C67: 33 | D67: Non-binary | E67: Bachelor's Degree (4-years of college) | F67: English | G67: French | H67: 5 | I67: 5 | J67: English | K67: Books, Magazines, Newspapers, Online articles, Social media | L67: 5 | M67: 3 | N67: No | O67: No | P67: No | Q67: Yes | R67: No | S67: Yes | T67: No | U67: No | V67: Yes | W67: Yes | X67: No | Y67: No | Z67: I read a lot when I was a kid, and I think a lot of my issues came when I got older and it was hard for me to focus. I do have dyslexia, so I use a browser extension that turns all pages to a friendlier font, but like, real books don't have that. I also have ADHD, so literally just focusing or keeping my place in a book feels like an impossible task. | AA67: Yes | AB67: 5 | AC67: Yes. Dyslexia; I can't remember how long ago I got diagnosed. (And the one with numbers, too. Dyscalculia? Or something like that?) | AD67: Yes. ADHD; formally, this year. Informally, I've known for over a decade now. | AE67: Yes. Depression and anxiety (at least 15 years diagnosed, but most of my life experience), and autism (not formally diagnosed, for my safety, but have known for at least a decade also) | AF67: No | AG67: Yes | AH67: Glasses | AI67: Desktop | AJ67: Indoor at my computer desk. A large window is in front of me, with natural sunlight. The desk is in a large/open living room. | AK67: I understand
A68: 45861.494 | B68: 67e5de8bb35bd9043b86878d | C68: 33 | D68: Male | E68: Master's degree | F68: English | H68: 5 | I68: 5 | J68: English | K68: Books, Magazines, Newspapers, Online articles, Social media | L68: 4 | M68: 4 | N68: No | O68: No | P68: No | Q68: No | R68: No | S68: No | T68: No | U68: No | V68: No | W68: Yes | X68: No | Y68: No | Z68: I have become better over time through practising by reading books and conversing with people more | AA68: Yes | AB68: 4 | AC68: Yes i have been diagosed with Acquired dyslexia 22 years ago. | AD68: Yes, I have been diagnosed with Anxious ADHD 20 years ago | AE68: Not been diagnosed with such | AF68: No | AG68: Yes | AI68: Desktop | AJ68: I am indoors in my own house.The room is big and well lit with natural light | AK68: I understand
A69: 45861.498 | B69: 67e5de8bb35bd9043b86878d | C69: 33 | D69: Male | E69: Master's degree | F69: English | H69: 5 | I69: 5 | J69: English | K69: Books, Magazines, Newspapers, Social media | L69: 4 | M69: 4 | N69: No | O69: No | P69: No | Q69: No | R69: No | S69: Yes | T69: No | U69: No | V69: No | W69: Yes | X69: No | Y69: No | Z69: My reading habits have improved through practise and reading many books | AA69: Yes | AB69: 4 | AC69: I have b een diagnosed with acquired dyslexia fifteen years ago. | AD69: I have been diagnosed with anxious ADHD twenty years ago. | AE69: No | AF69: No | AG69: Yes | AI69: Desktop | AJ69: I am in indoors,in big room that is well lit with the natural light. | AK69: I understand
A70: 45861.559 | B70: 67d0c64ab46c9de92bef1119 | C70: 38 | D70: female | E70: Professional degree | F70: English | H70: 5 | I70: 5 | J70: English | K70: Books, Magazines, Newspapers, Online articles, Social media | L70: 4 | M70: 4 | N70: Yes | O70: No | P70: Yes | Q70: Yes | R70: No | S70: No | T70: Yes | U70: No | V70: Yes | W70: Yes | X70: Yes | Y70: No | Z70: As a child, I found reading challenging and often avoided it due to difficulties, likely influenced by my dyslexia.. As I grew older and developed coping strategies, like breaking text into smaller sections. | AA70: Yes | AB70: 4 | AC70: yes, dyslexia | AD70: yes, 12 years ago | AE70: No | AF70: No | AG70: Yes | AI70: Laptop | AJ70: I'm indoors | AK70: I understand
A71: 45861.588 | B71: 67e3170566ad9df7e2dbf878 | C71: 36 | D71: female | E71: Professional degree | F71: English | H71: 4 | I71: 5 | J71: English | K71: Books, Magazines, Newspapers, Online articles, Social media | L71: 5 | M71: 5 | N71: No | O71: No | P71: No | Q71: No | R71: No | S71: No | T71: No | U71: No | V71: No | W71: No | X71: No | Y71: No | Z71: I grew up in an all-English-speaking environment, and reading has been a part of my culture to date. | AA71: No | AB71: 1 | AC71: no | AD71: no | AE71: no | AF71: no | AG71: Yes | AI71: Laptop | AJ71: Indoors on a seat next to a large window. | AK71: I understand
A72: 45861.59 | B72: 664a85285a37ffaabc5b0205 | C72: 40 | D72: Female | E72: Some college | F72: English | H72: 5 | I72: 5 | J72: English | K72: Books, Magazines, Newspapers, Online articles, Social media | L72: 5 | M72: 5 | N72: No | O72: No | P72: No | Q72: No | R72: No | S72: No | T72: No | U72: No | V72: No | W72: No | X72: No | Y72: No | Z72: They got stronger. | AA72: No | AB72: 1 | AC72: ADHD when I was 6. | AD72: Yes when I was 6. | AE72: Fibromyalgia when I was 35 | AF72: No | AG72: Yes | AH72: Glasses when I was 9. | AI72: Laptop | AJ72: I am inside by an open window. The natural light is coming in. | AK72: I understand
A73: 45861.595 | B73: 67ce066d8423f4b37bcbdde8 | C73: 51 | D73: female | E73: Master's degree | F73: English | H73: 5 | I73: 5 | J73: English | K73: Books, Magazines, Newspapers, Online articles, Social media | L73: 5 | M73: 5 | N73: No | O73: No | P73: No | Q73: No | R73: No | S73: No | T73: No | U73: No | V73: No | W73: No | X73: Yes | Y73: No | Z73: I used to read 10 pages a day for a novel but not has increased to 50 pages a day. | AA73: No | AB73: 4 | AC73: No | AD73: Yes, Anxiety issues | AE73: yes, Diabetes | AF73: No | AG73: Yes | AH73: lenses | AI73: Laptop | AJ73: indoors, at the corner of my large living room, under the artificial lights. | AK73: I understand
A74: 45861.599 | B74: 673254169a08a9ab7fdbb888 | C74: 42 | D74: Male | E74: Bachelor's Degree (4-years of college) | F74: English | H74: 5 | I74: 5 | J74: English | K74: Books, Magazines, Online articles | L74: 5 | M74: 5 | N74: No | O74: No | P74: Yes | Q74: No | R74: Yes | S74: No | T74: No | U74: No | V74: Yes | W74: Yes | X74: No | Y74: No | Z74: Based on the topic and emphasis | AA74: No | AB74: 4 | AC74: N/A | AD74: N/A | AG74: Yes | AI74: Laptop | AJ74: I am in my bed room. | AK74: I understand
A75: 45861.6 | B75: 63225b65b2d6e889f7289909 | C75: 50 | D75: male | E75: Bachelor's Degree (4-years of college) | F75: English | H75: 5 | I75: 5 | J75: English | K75: Books, Magazines, Newspapers, Online articles, Social media | L75: 5 | M75: 3 | N75: No | O75: No | P75: No | Q75: No | R75: No | S75: No | T75: No | U75: No | V75: No | W75: No | X75: No | Y75: No | Z75: I used to read much more and regularly, now it is much more rare. | AA75: No | AB75: 2 | AC75: no | AD75: no | AE75: no | AF75: no | AG75: Yes | AI75: Laptop | AJ75: I am in my house office, across there is a window and I see trees, plants, bushes, part of neighboring house. Inside office I see floor lamp which is Tiffany style, side table, in front of me is a large executives desk. | AK75: I understand
A76: 45861.612 | B76: 6759c12c60ed4b045a8e9912 | C76: 30 | D76: male | E76: Bachelor's Degree (4-years of college) | F76: English | H76: 5 | I76: 5 | J76: English | K76: Books, Magazines, Online articles, Social media | L76: 5 | M76: 5 | N76: No | O76: No | P76: No | Q76: No | R76: No | S76: No | T76: No | U76: No | V76: No | W76: No | X76: No | Y76: No | Z76: it does not change its still there fluent | AA76: No | AB76: 2 | AG76: Yes | AI76: Laptop | AJ76: Am in a room field with natural light from the sun just concentrating with my laptop. | AK76: I understand
A77: 45861.618 | B77: 66e7a809808daaac1a79dd40 | C77: 40 | E77: Associate's degree (2-years of college) | F77: English | G77: English | H77: 5 | I77: 5 | J77: English | K77: Books, Magazines, Newspapers, Online articles, Social media | L77: 5 | M77: 5 | N77: Yes | O77: Yes | P77: Yes | Q77: No | R77: Yes | S77: Yes | T77: Yes | U77: Yes | V77: Yes | W77: Yes | X77: Yes | Y77: No | Z77: I have dyslexia so reading can be hard | AA77: Yes | AB77: 5 | AC77: yes when I was in 4th grade 30 years ago | AD77: Yes when I was in 2ng grade | AE77: No | AF77: No | AG77: Yes | AH77: glasses | AI77: Laptop | AJ77: indoors in a room with windows and lights | AK77: I understand
A78: 45861.618 | B78: 6832293653d4fef515f232ec | C78: 35 | D78: male | E78: Bachelor's Degree (4-years of college) | F78: English | H78: 5 | I78: 5 | J78: English | K78: Books, Magazines, Newspapers, Online articles, Social media | L78: 3 | M78: 3 | N78: No | O78: No | P78: No | Q78: No | R78: No | S78: No | T78: No | U78: No | V78: No | W78: No | X78: No | Y78: No | Z78: improved | AA78: Yes | AB78: 5 | AG78: Yes | AH78: glasses | AI78: Laptop | AJ78: indoors,by a window,under natural light,in a small room | AK78: I understand
A79: 45861.621 | B79: 67ccc62a623f466a4ad19371 | C79: 50 | D79: Male | E79: Master's degree | F79: English | G79: None | H79: 5 | I79: 5 | J79: English | K79: Books, Newspapers, Online articles, Social media | L79: 4 | M79: 4 | N79: No | O79: No | P79: No | Q79: No | R79: No | S79: No | T79: No | U79: No | V79: Yes | W79: No | X79: No | Y79: No | Z79: I have been engaged in reading several materials and books, and that's how my reading has changed. | AA79: No | AB79: 5 | AC79: No, I've not been diagnosed with a reading or learning disability. | AD79: No, I've not been diagonised with ADD or ADHD | AE79: No | AF79: Yes, I use marijuana, alcohol, nicotine products, and many more. | AG79: Yes | AI79: Laptop | AJ79: I'm indoors and the room is lit. | AK79: I understand
A81: 45861.641 | B81: 662d14b9b157f2bd076da5e0 | C81: 49 | D81: male | E81: Some college | F81: English | G81: German | H81: 5 | I81: 5 | J81: English | K81: Books, Online articles, Social media | L81: 4 | M81: 3 | N81: Yes | O81: Yes | P81: Yes | Q81: No | R81: Yes | S81: Yes | T81: Yes | U81: No | V81: Yes | W81: Yes | X81: Yes | Y81: Yes | Z81: I learned to not trust my first instinct and to use context in the sentence to reprogram how i read | AA81: Yes | AB81: 5 | AC81: dyslexia | AD81: no | AE81: vertigo and RLS | AF81: no | AG81: No | AI81: Desktop | AJ81: I'm in my office at my desk sitting on my office chair. The room is dark, its in the basement of my home but there is a window which is covered by a tapestry. I single soft light illuminates the room. Nice music is playing as well as a white noise machine. | AK81: I understand
A82: 45861.646 | B82: 66b383f668f7275ba914addd | C82: 36 | D82: female | E82: High school/GED | F82: English | H82: 5 | I82: 5 | J82: English | K82: Books, Magazines, Newspapers, Online articles, Social media | L82: 5 | M82: 5 | N82: No | O82: No | P82: No | Q82: Yes | R82: No | S82: No | T82: Yes | U82: No | V82: Yes | W82: Yes | X82: Yes | Y82: No | Z82: Read less as online books became more popular. | AA82: No | AB82: 5 | AC82: no | AD82: no | AE82: no | AF82: no | AG82: Yes | AI82: Laptop | AJ82: indoors in my room, naturally lit area. | AK82: I understand
A83: 45861.653 | B83: 67f0295c710e9e26b0684d22 | C83: 23 | D83: Female | E83: Bachelor's Degree (4-years of college) | F83: English | H83: 5 | I83: 5 | J83: English | K83: Books, Online articles, Social media | L83: 5 | M83: 5 | N83: No | O83: No | P83: Yes | Q83: Yes | R83: No | S83: No | T83: No | U83: No | V83: Yes | W83: Yes | X83: No | Y83: No | Z83: im still a terrible reader ,my focus is so low | AA83: Yes | AB83: 5 | AG83: Yes | AI83: Desktop | AJ83: im in my livingroom on my table by the window..the room is well lit and my dog is by my feet | AK83: I understand
A84: 45861.657 | B84: 66b799c39798fd79dd188ed0 | C84: 56 | D84: female | E84: Less than high school | F84: English | H84: 5 | I84: 5 | J84: English | K84: Books, Magazines, Newspapers, Online articles, Social media | L84: 5 | M84: 3 | N84: Yes | O84: Yes | P84: No | Q84: No | R84: No | S84: Yes | T84: Yes | U84: No | V84: Yes | W84: Yes | X84: Yes | Y84: No | Z84: i read a lot more | AA84: Yes | AB84: 5 | AC84: yes 50 years ago | AD84: no | AE84: no | AF84: nicotine | AG84: No | AH84: glasses | AI84: Laptop | AJ84: in side in my living room with sun light coming in the windows | AK84: I understand
A85: 45861.695 | B85: 67d61ae3516e435e94cba4a4 | C85: 43 | D85: Male | E85: Master's degree | F85: English | H85: 5 | I85: 5 | J85: English | K85: Books, Magazines, Newspapers, Online articles, Social media | L85: 5 | M85: 5 | N85: No | O85: No | P85: No | Q85: No | R85: No | S85: No | T85: No | U85: No | V85: No | W85: No | X85: No | Y85: No | Z85: I used to read alot,especially in university-both academic texts and fiction in my free time.But now that i am working full-time,i rarely have the time or mental energy to read for leisure.Most of my reading now work related documents,emails,and sometimes news articles. | AA85: Yes | AB85: 5 | AG85: Yes | AH85: I wear glasses. | AI85: Desktop | AJ85: Indoors. | AK85: I understand
A86: 45861.701 | B86: 664559f345d874ce5722bade | C86: 36 | D86: Female | E86: Some college | F86: English | H86: 5 | I86: 5 | J86: English | K86: Books, Magazines, Newspapers, Online articles, Social media | L86: 5 | M86: 3 | N86: Yes | O86: Yes | P86: Yes | Q86: Yes | R86: Yes | S86: Yes | T86: Yes | U86: Yes | V86: Yes | W86: Yes | X86: Yes | Y86: Yes | Z86: I have learned tricks to make reading easier, like using high contrast or dark mode, reading along with tools when on the computer, like text-to-speech and highlighting tools, as I read, sort of skimming through words to increase my speed, using noise-cancelling headphones at times when reading, tricks for remembering how to spell certain words (like referring to business as busy-ness when trying to spell it), research on dyslexia and a therapist who specializes in it and also has it too has really helped me develop new habits as well. I read much less as I get older, a combination of the fact that I have to read so often for work (long texts) and it takes so much energy that I don't really want to read for fun. Also, my reading has improved as a result of my ADHD medication, it is a little bit easier when I am on it...sometimes. | AA86: Yes | AB86: 5 | AC86: Yes, about 4 years ago I was diagnosed with Dyslexia, Dyscalculia, and ADHD. | AD86: Yes, ADHD - combined type, severe. | AE86: PTSD - 4 years ago, Osteoarthritis - 20 years ago, Degenerative Disc Disease - 1 year ago, GERD -17 years ago, Asthma - 30 years ago, Kyphosis - 1 year ago | AF86: Yes, my medications (stimulant, antidepressant, and buspar) | AG86: Yes | AH86: Lenses or glasses | AI86: Desktop | AJ86: I am indoors at a desk staring straight ahead at a large monitor, with a keyboard and mouse in front of it. I have natural light coming in from a few windows but no other lights on in the house. It's very sunny outside, but the natural lighting keeps it much dimmer than if I were outside. The room is small, a living room connected to a kitchen in a tiny cabin. | AK86: I understand
A87: 45861.716 | B87: 67803b1dd21b0478468e5f9d | C87: 27 | D87: female | E87: Bachelor's Degree (4-years of college) | F87: English | H87: 5 | I87: 5 | J87: English | K87: Books, Magazines, Newspapers, Online articles, Social media | L87: 5 | M87: 5 | N87: No | O87: No | P87: No | Q87: No | R87: No | S87: No | T87: No | U87: No | V87: No | W87: No | X87: No | Y87: No | Z87: it got faster and better now i read effortlesly | AA87: No | AB87: 3 | AC87: no | AD87: yes, ADHD and that was like 15 years ago | AG87: Yes | AI87: Laptop | AJ87: i am indoors and the room is dark | AK87: I understand
A88: 45861.716 | B88: 61085df762ade24892b6fb01 | C88: 32 | D88: female | E88: High school/GED | F88: English | G88: N/A | H88: 5 | I88: 5 | J88: English | K88: Books, Online articles, Social media | L88: 5 | M88: 4 | N88: Yes | O88: No | P88: No | Q88: No | R88: Yes | S88: No | T88: Yes | U88: No | V88: Yes | W88: No | X88: Yes | Y88: No | Z88: I've gotten quicker. | AA88: Yes | AB88: 4 | AC88: Yes dyslexia, Diagnosed 20 years ago. | AD88: No. | AE88: No. | AF88: No. | AG88: No | AH88: N/A. | AI88: Laptop | AJ88: I am indoors , natural lighting , and sitting up on leather couch. | AK88: I understand
A89: 45861.72 | B89: 598262809dfc3e00011d7f99 | C89: 47 | D89: Female | E89: Some college | F89: English | H89: 5 | I89: 5 | J89: English | K89: Books, Magazines, Online articles, Social media | L89: 5 | M89: 5 | N89: No | O89: Yes | P89: Yes | Q89: No | R89: No | S89: No | T89: No | U89: No | V89: Yes | W89: No | X89: No | Y89: No | Z89: I read a lot more than I did when I was younger. | AA89: Yes | AB89: 5 | AC89: Dyslexia 35 years ago ADHD 20 years ago | AD89: 20 years ago ADHD | AE89: No | AF89: Adderall 30mg twice daily and I vape | AG89: Yes | AH89: Gas perm contact lenses | AI89: Laptop | AJ89: Inside by window | AK89: I understand
A90: 45861.722 | B90: 67c9e12970245699c2237d09 | C90: 22 | D90: woman | E90: Master's degree | F90: English | H90: 5 | I90: 5 | J90: English | K90: Books, Magazines, Newspapers, Online articles, Social media | L90: 5 | M90: 5 | N90: No | O90: No | P90: No | Q90: No | R90: No | S90: No | T90: No | U90: No | V90: No | W90: No | X90: No | Y90: No | Z90: my reading habits changed to the positive after I regained my passion for reading | AA90: Yes | AB90: 1 | AG90: Yes | AI90: Desktop | AJ90: indoors near the window enhanced with natural light | AK90: I understand
A91: 45861.736 | B91: 66f4547fa4c5ab80aae653cb | C91: 21 | D91: female | E91: Some college | F91: English | H91: 5 | I91: 5 | J91: English | K91: Books, Magazines, Newspapers, Online articles, Social media | L91: 5 | M91: 5 | N91: No | O91: Yes | P91: Yes | Q91: Yes | R91: Yes | S91: Yes | T91: Yes | U91: No | V91: No | W91: Yes | X91: No | Y91: Yes | Z91: its gotten alot better but i still mx up things because of my dyslexia | AA91: Yes | AB91: 4 | AC91: dyslexia sunce i was 3 | AD91: adhd since i was 16 | AE91: no | AF91: no | AG91: Yes | AH91: its normal | AI91: Laptop | AJ91: im in doors in my room | AK91: I understand
A92: 45861.741 | B92: 67e184da2196b4f9027adc2b | C92: 62 | D92: Male | E92: Professional degree | F92: English | H92: 5 | I92: 5 | J92: English | K92: Magazines, Newspapers | L92: 4 | M92: 5 | N92: No | O92: No | P92: No | Q92: No | R92: No | S92: No | T92: No | U92: No | V92: No | W92: No | X92: No | Y92: No | Z92: I like reading out loud and clear so that people can understand | AA92: No | AB92: 3 | AC92: No | AD92: yes ADHD | AE92: Yes Diabetes | AF92: No | AG92: Yes | AH92: Glasses | AI92: Laptop | AJ92: I amindoor with an artificial light | AK92: I understand
A93: 45861.837 | B93: 67d3ae4ba9a2595f154f14c7 | C93: 40 | D93: Male | E93: Master's degree | F93: English | H93: 5 | I93: 5 | J93: English | K93: Books, Magazines, Newspapers, Online articles, Social media | L93: 5 | M93: 4 | N93: Yes | O93: No | P93: Yes | Q93: No | R93: Yes | S93: No | T93: Yes | U93: No | V93: No | W93: Yes | X93: No | Y93: No | Z93: I went from casual, fun reading to more focused, purpose-driven reading. | AA93: Yes | AB93: 4 | AF93: No | AG93: Yes | AI93: Laptop | AJ93: Indoors | AK93: I understand
A94: 45861.853 | B94: 678aab274a780183c9631f78 | C94: 34 | D94: female | E94: Bachelor's Degree (4-years of college) | F94: English | H94: 5 | I94: 5 | J94: English | K94: Books, Magazines, Online articles, Social media | L94: 5 | M94: 5 | N94: Yes | O94: No | P94: Yes | Q94: No | R94: No | S94: No | T94: No | U94: No | V94: Yes | W94: No | X94: No | Y94: No | Z94: I have become faster and know more words. | AA94: Yes | AB94: 4 | AC94: dyslexia ~27 years ago, as a child | AD94: no | AE94: no | AF94: no | AG94: Yes | AH94: not corrected | AI94: Laptop | AJ94: indoors, dark outside, windows open, artificial light. Room is small. | AK94: I understand
A95: 45861.857 | B95: 63b6f167ce1530749467bff5 | C95: 28 | D95: Woman | E95: Doctoral degree | F95: English | H95: 5 | I95: 4 | J95: English | K95: Books, Magazines, Newspapers, Online articles, Social media | L95: 5 | M95: 2 | N95: Yes | O95: Yes | P95: No | Q95: No | R95: No | S95: No | T95: Yes | U95: No | V95: Yes | W95: Yes | X95: Yes | Y95: Yes | Z95: I read less than I used to, but would like to get back into it. Reading is just so taxing, especially after q long work day | AA95: Yes | AB95: 4 | AC95: dyslexia, like 6 or 7 years ago I think | AD95: No | AE95: No | AF95: No | AG95: No | AH95: glasses | AI95: Laptop | AJ95: i am inside. it's dark outside. My room has string lights plugged in. I'd say a relatively large room | AK95: I understand
A96: 45861.858 | B96: 6633ff088a92287249f6968c | C96: 25 | D96: Female | E96: High school/GED | F96: English | H96: 5 | I96: 5 | J96: English | K96: Books, Magazines, Newspapers, Online articles, Social media | L96: 5 | M96: 5 | N96: No | O96: No | P96: No | Q96: No | R96: No | S96: No | T96: No | U96: No | V96: No | W96: No | X96: No | Y96: No | Z96: I read more often now | AA96: No | AB96: 2 | AG96: No | AI96: Laptop | AJ96: In my bedroom by a window. | AK96: I understand
A97: 45861.86 | B97: 5d4c7ac3e8ec490018b0050d | C97: 66 | D97: female | E97: Associate's degree (2-years of college) | F97: English | H97: 5 | I97: 5 | J97: English | K97: Books, Magazines, Newspapers, Online articles, Social media | L97: 4 | M97: 4 | N97: Yes | O97: Yes | P97: Yes | Q97: No | R97: No | S97: No | T97: Yes | U97: No | V97: Yes | W97: No | X97: Yes | Y97: No | Z97: I have always been an avid reader and continue to do so | AA97: Yes | AB97: 4 | AC97: I was diagnosed with dysliexia in the fourth grade | AD97: I have never been diagnosed with ADD or ADHD | AE97: no diagnosis | AF97: not under the influance | AG97: Yes | AH97: glasses | AI97: Laptop | AJ97: Indoors with artificial light in a small room | AK97: I understand
A98: 45861.878 | B98: 6629f809cdc77d7021fd9780 | C98: 52 | D98: male | E98: Master's degree | F98: English | H98: 5 | I98: 5 | J98: English | K98: Books, Magazines, Newspapers, Online articles, Social media | L98: 5 | M98: 3 | N98: Yes | O98: Yes | P98: Yes | Q98: No | R98: No | S98: No | T98: Yes | U98: No | V98: Yes | W98: No | X98: No | Y98: No | Z98: i read more | AA98: Yes | AB98: 3 | AC98: yes | AD98: no | AE98: no | AF98: no | AG98: Yes | AH98: glasses | AI98: Laptop | AJ98: indoors large room | AK98: I understand
A99: 45862.444 | B99: 675f50ab88662e8002f0ee08 | C99: 34 | D99: male | E99: Master's degree | F99: English | H99: 5 | I99: 5 | J99: English | K99: Books, Magazines, Newspapers, Online articles, Social media | L99: 3 | M99: 5 | N99: No | O99: No | P99: No | Q99: No | R99: No | S99: No | T99: No | U99: No | V99: Yes | W99: No | X99: No | Y99: No | Z99: haven't | AA99: No | AB99: 3 | AC99: no | AD99: no | AE99: no | AF99: no | AG99: No | AI99: Laptop | AJ99: office place | AK99: I understand
A100: 45862.45 | B100: 675e503421e3a9570fea5896 | C100: 40 | D100: Female | E100: Some college | F100: English | H100: 5 | I100: 5 | J100: English | K100: Books, Magazines, Newspapers, Online articles, Social media | L100: 5 | M100: 3 | N100: Yes | O100: Yes | P100: Yes | Q100: Yes | R100: No | S100: No | T100: Yes | U100: No | V100: Yes | W100: No | X100: Yes | Y100: No | Z100: I read paper books less than I did when I was younger, I listen to more audiobooks now. | AA100: No | AB100: 5 | AC100: I have never been tested for anything | AD100: No | AF100: Caffeine | AG100: Yes | AH100: glasses for distance | AI100: Desktop | AJ100: indoor windowless home office, artificial light | AK100: I understand
A101: 45862.452 | B101: 67044749c28abfd636ceedf0 | C101: 40 | D101: agender | E101: Some college | F101: English | H101: 5 | I101: 5 | J101: English | K101: Books, Online articles, Social media | L101: 3 | M101: 3 | N101: Yes | O101: Yes | P101: Yes | Q101: Yes | R101: Yes | S101: No | T101: Yes | U101: No | V101: Yes | W101: Yes | X101: Yes | Y101: No | Z101: I've become somewhat more confident with reading overtime, but my dyslexia and ADHD frequently make it difficult for me to comprehend long pages of text. When reading, I tend to try to find audio versions, then follow along in a book while the audio is being played. | AA101: Yes | AB101: 5 | AC101: I have multiple learning disabilities, some were diagnosed in elementary school, others in middle school. I have dyslexia, dyscalculia, processing disorder, ADHD, ASD, I have mild/moderate face blindness. My "working memory" is rated very low, and my processing is very slow. I also have difficulty with reading comprehension. Anything with math or numbers is my nemesis, and I'm directionally challenged, my spacial awareness is very low. (For example, I get lost in grocery stores, I am unable to find the door in which I entered the building. Something I am told is extremely easy for neurotypical people.) | AD101: I have been diagnosied with both ADHD and Autistic Spectrum Disorder. I was diagnosed with both at age 13, not medicated for either until age 18. At 18 I started taking Ritalin, but I now take Vyvanse. | AE101: I have epilepsy which started as a teenager, I have POTS/Dysautonomia, which when my blood pressure is too low I cannot focus and a lose cognitive ability. It's been documented that my IQ is lower while I am standing vs sitting. I have other medical dx's such as MCAS and Mito Disease. | AF101: I take Vyvanse and lots of caffeine to help me focus. I pretty much live on energy drinks until I crash at the end of the day. I also take adaptogens. | AG101: Yes | AH101: I wear glasses while awake | AI101: Laptop | AJ101: I am in my bedroom which I share with two cats. I am sitting on the bed with one of my cats cuddling close. I am leaned back into some pillows with my laptop balanced on my knee. I have big windows, which light is shining in. I also have one of those happy/sad lights, and it is super bright. I have that shining over my head and the front of my laptop. It kind of looks as bright as the sun in here. Unlike other neurodivergent people who are often quite sensitive to lights, I prefer the brightest light possible. The brighter, the better. | AK101: I understand
...

Sheet dys_score
D1: =COUNTIF(D5:D862, ">12") -> 42
D3: https://outsidersoftware.co.uk/wp-content/uploads/2012/11/RevisedADOScreening.pdf | E3: 3 | F3: 3 | G3: 3 | H3: 3 | I3: 3 | J3: 2 | K3: 2 | L3: 2 | M3: 2 | N3: 2 | O3: 2 | P3: 3
A4: Timestamp | B4: Please enter your Prolific ID: | D4: SCORE | E4: When using the telephone, do you get the numbers mixed up when you dial? | F4: Is your spelling poor? | G4: When writing down dates, do you often make mistakes? | H4: Do you mix up dates and times and miss appointments? | I4: Do you find forms difficult and confusing? | J4: Do you find it difficult to take messages on the phone and pass them on correctly? | K4: Do you mix up bus numbers like 35 and 53? | L4: Do you find it difficult to say the months of the year forwards in a fluent manner? | M4: When you were at school, did you find it hard to learn the multiplication or times tables? | N4: Do you take longer than you should to read a page of a book? | O4: Do you find difficulty in telling left from right? | P4: Did you find it difficult to decide how to answer these questions?
A5: =Sheet1!A:A -> 45848.513 | B5: =Sheet1!B:B -> 614e0468bbbac16be38fa13f | D5: =SUMPRODUCT((E5:P5="Yes")*(E$3:P$3)) -> 13 | E5: =Sheet1!N:N -> Yes | F5: =Sheet1!O:O -> Yes | G5: =Sheet1!P:P -> No | H5: =Sheet1!Q:Q -> No | I5: =Sheet1!R:R -> No | J5: =Sheet1!S:S -> No | K5: =Sheet1!T:T -> No | L5: =Sheet1!U:U -> No | M5: =Sheet1!V:V -> Yes | N5: No | O5: =Sheet1!X:X -> Yes | P5: =Sheet1!Y:Y -> Yes
A6: =Sheet1!A:A -> 45848.514 | B6: =Sheet1!B:B -> 63d1125c54e8148f4cd30a65 | D6: =SUMPRODUCT((E6:P6="Yes")*(E$3:P$3)) -> 3 | E6: =Sheet1!N:N -> No | F6: =Sheet1!O:O -> Yes | G6: =Sheet1!P:P -> No | H6: =Sheet1!Q:Q -> No | I6: =Sheet1!R:R -> No | J6: =Sheet1!S:S -> No | K6: =Sheet1!T:T -> No | L6: =Sheet1!U:U -> No | M6: =Sheet1!V:V -> No | N6: No | O6: =Sheet1!X:X -> No | P6: =Sheet1!Y:Y -> No
A7: =Sheet1!A:A -> 45853.835 | B7: =Sheet1!B:B -> 6664d3b710bb2abd191e1b64 | D7: =SUMPRODUCT((E7:P7="Yes")*(E$3:P$3)) -> 0 | E7: =Sheet1!N:N -> No | F7: =Sheet1!O:O -> No | G7: =Sheet1!P:P -> No | H7: =Sheet1!Q:Q -> No | I7: =Sheet1!R:R -> No | J7: =Sheet1!S:S -> No | K7: =Sheet1!T:T -> No | L7: =Sheet1!U:U -> No | M7: =Sheet1!V:V -> No | N7: No | O7: =Sheet1!X:X -> No | P7: =Sheet1!Y:Y -> No
A8: =Sheet1!A:A -> 45853.839 | B8: =Sheet1!B:B -> 676cf85a261dedbddea3e240 | D8: =SUMPRODUCT((E8:P8="Yes")*(E$3:P$3)) -> 0 | E8: =Sheet1!N:N -> No | F8: =Sheet1!O:O -> No | G8: =Sheet1!P:P -> No | H8: =Sheet1!Q:Q -> No | I8: =Sheet1!R:R -> No | J8: =Sheet1!S:S -> No | K8: =Sheet1!T:T -> No | L8: =Sheet1!U:U -> No | M8: =Sheet1!V:V -> No | N8: No | O8: =Sheet1!X:X -> No | P8: =Sheet1!Y:Y -> No
A9: =Sheet1!A:A -> 45853.85 | B9: =Sheet1!B:B -> 668a9e53e7690b3b64d48e92 | D9: =SUMPRODUCT((E9:P9="Yes")*(E$3:P$3)) -> 0 | E9: =Sheet1!N:N -> No | F9: =Sheet1!O:O -> No | G9: =Sheet1!P:P -> No | H9: =Sheet1!Q:Q -> No | I9: =Sheet1!R:R -> No | J9: =Sheet1!S:S -> No | K9: =Sheet1!T:T -> No | L9: =Sheet1!U:U -> No | M9: =Sheet1!V:V -> No | N9: No | O9: =Sheet1!X:X -> No | P9: =Sheet1!Y:Y -> No
A10: =Sheet1!A:A -> 45853.857 | B10: =Sheet1!B:B -> 610508c09d61c098f072605b | D10: =SUMPRODUCT((E10:P10="Yes")*(E$3:P$3)) -> 0 | E10: =Sheet1!N:N -> No | F10: =Sheet1!O:O -> No | G10: =Sheet1!P:P -> No | H10: =Sheet1!Q:Q -> No | I10: =Sheet1!R:R -> No | J10: =Sheet1!S:S -> No | K10: =Sheet1!T:T -> No | L10: =Sheet1!U:U -> No | M10: =Sheet1!V:V -> No | N10: No | O10: =Sheet1!X:X -> No | P10: =Sheet1!Y:Y -> No
A11: =Sheet1!A:A -> 45853.877 | B11: =Sheet1!B:B -> 65ee224fc6146bbd065a8ae0 | D11: =SUMPRODUCT((E11:P11="Yes")*(E$3:P$3)) -> 0 | E11: =Sheet1!N:N -> No | F11: =Sheet1!O:O -> No | G11: =Sheet1!P:P -> No | H11: =Sheet1!Q:Q -> No | I11: =Sheet1!R:R -> No | J11: =Sheet1!S:S -> No | K11: =Sheet1!T:T -> No | L11: =Sheet1!U:U -> No | M11: =Sheet1!V:V -> No | N11: No | O11: =Sheet1!X:X -> No | P11: =Sheet1!Y:Y -> No
A12: =Sheet1!A:A -> 45855.656 | B12: =Sheet1!B:B -> 66eddcfe67e927db6f0a4768 | D12: =SUMPRODUCT((E12:P12="Yes")*(E$3:P$3)) -> 10 | E12: =Sheet1!N:N -> Yes | F12: =Sheet1!O:O -> No | G12: =Sheet1!P:P -> No | H12: =Sheet1!Q:Q -> No | I12: =Sheet1!R:R -> Yes | J12: =Sheet1!S:S -> Yes | K12: =Sheet1!T:T -> Yes | L12: =Sheet1!U:U -> No | M12: =Sheet1!V:V -> No | N12: No | O12: =Sheet1!X:X -> No | P12: =Sheet1!Y:Y -> No
A13: =Sheet1!A:A -> 45855.658 | B13: =Sheet1!B:B -> 6108295fdd0270d7544b5a8a | D13: =SUMPRODUCT((E13:P13="Yes")*(E$3:P$3)) -> 28 | E13: =Sheet1!N:N -> Yes | F13: =Sheet1!O:O -> Yes | G13: =Sheet1!P:P -> Yes | H13: =Sheet1!Q:Q -> Yes | I13: =Sheet1!R:R -> Yes | J13: =Sheet1!S:S -> Yes | K13: =Sheet1!T:T -> Yes | L13: =Sheet1!U:U -> Yes | M13: =Sheet1!V:V -> Yes | N13: No | O13: =Sheet1!X:X -> Yes | P13: =Sheet1!Y:Y -> Yes
A14: =Sheet1!A:A -> 45855.659 | B14: =Sheet1!B:B -> 67842c60c9cba1e154a69bbd | D14: =SUMPRODUCT((E14:P14="Yes")*(E$3:P$3)) -> 12 | E14: =Sheet1!N:N -> Yes | F14: =Sheet1!O:O -> No | G14: =Sheet1!P:P -> No | H14: =Sheet1!Q:Q -> Yes | I14: =Sheet1!R:R -> No | J14: =Sheet1!S:S -> No | K14: =Sheet1!T:T -> Yes | L14: =Sheet1!U:U -> Yes | M14: =Sheet1!V:V -> Yes | N14: No | O14: =Sheet1!X:X -> No | P14: =Sheet1!Y:Y -> No
A15: =Sheet1!A:A -> 45855.66 | B15: =Sheet1!B:B -> 67e99ec5ac9317593a3fd76b | D15: =SUMPRODUCT((E15:P15="Yes")*(E$3:P$3)) -> 0 | E15: =Sheet1!N:N -> No | F15: =Sheet1!O:O -> No | G15: =Sheet1!P:P -> No | H15: =Sheet1!Q:Q -> No | I15: =Sheet1!R:R -> No | J15: =Sheet1!S:S -> No | K15: =Sheet1!T:T -> No | L15: =Sheet1!U:U -> No | M15: =Sheet1!V:V -> No | N15: No | O15: =Sheet1!X:X -> No | P15: =Sheet1!Y:Y -> No
A16: =Sheet1!A:A -> 45855.661 | B16: =Sheet1!B:B -> 67e08140fcb66593f11b6e8e | D16: =SUMPRODUCT((E16:P16="Yes")*(E$3:P$3)) -> 5 | E16: =Sheet1!N:N -> No | F16: =Sheet1!O:O -> No | G16: =Sheet1!P:P -> Yes | H16: =Sheet1!Q:Q -> No | I16: =Sheet1!R:R -> No | J16: =Sheet1!S:S -> No | K16: =Sheet1!T:T -> No | L16: =Sheet1!U:U -> No | M16: =Sheet1!V:V -> Yes | N16: No | O16: =Sheet1!X:X -> No | P16: =Sheet1!Y:Y -> No
... A311: =Sheet1!A:A | B311: =Sheet1!B:B -> 4D90715B030E42DAA62779F3 | D311: =SUMPRODUCT((E311:P311="Yes")*(E$3:P$3)) -> 0 | E311: =Sheet1!N:N | F311: =Sheet1!O:O | G311: =Sheet1!P:P | H311: =Sheet1!Q:Q | I311: =Sheet1!R:R | J311: =Sheet1!S:S | K311: =Sheet1!T:T | L311: =Sheet1!U:U | M311: =Sheet1!V:V | N311: No | O311: =Sheet1!X:X | P311: =Sheet1!Y:Y
